"Name","Address1","Address2","City","State","PostalCode","ContactName","ContactPhone","ContactEMail","ContactJobTitle"
"Advanced Games Enterprises","3742 Blue Heron Loop","Ste 8430","Carthage Town","MI","26211","Delta Mccree","286-646-2402","d.mccree@advancedgamesenterprises.com","Firefighter"
"Advanced Investments Incorporated","2422 Nassau Way","Apt 990","Chisholm CDP","WV","90393","Lorna Luman","800-306-5966","l.luman@advancedinvestmentsincorporated.com","Senior Project Engineer"
"Arcane Capital Incorporated","5417 Jessica Path","Office 4172","Le Roy Village","PA","08221","Gertrudis Crooks","834-063-6380","g.crooks@arcanecapitalincorporated.com","Equipment Specialist"
"Atlantic Batteries Partners","4377 Helen Matthews Highway","Ste 4286","Arnolds Park City","KS","83576","Wilbert Gamez","214-378-0353","w.gamez@atlanticbatteriespartners.com","Financial Analyst"
"Atlantic Games Company","3759 Spring Meadow Loop","Ste 3289","Cuba Village","SC","82858","Jeana Cammack","995-715-0240","j.cammack@atlanticgamescompany.com","Technologist"
"Atlantic Systems Partners","6306 Tahoe Place","Ste 8001","Brooklyn Heights Town","IL","99078","Candice Albro","753-478-4448","c.albro@atlanticsystemspartners.com","Executive Coordinator"
"Bacon Air Transport Ltd","411 Leigh Loop","Office 3748","Back Mountain CDP","WI","59369","Sona Munford","367-423-4460","s.munford@baconairtransportltd.com","Psychiatric Nurse"
"Bacon Fiber Optics LLC","2533 Lynn Bell Road","","Millcreek CDP","MN","66574","Sumiko Morris","475-036-9320","s.morris@baconfiberopticsllc.com","Collection Supervisor"
"Contemporary Air Transport Company","6419 Buxton Circle","Office 6473","Emmett Village","KY","75652","Freddie Nettles","386-499-4079","f.nettles@contemporaryairtransportcompany.com","Chemistry Teacher"
"Contemporary Fiber Optics Corporation","9193 Meadow Pond Road","Suite P","Buxton City","GA","48960","Samual Ericson","254-942-0670","s.ericson@contemporaryfiberopticscorporation.com","Front Office Receptionist"
"Contemporary Financial Corporation","1860 Bass Hound Trail","Office G","Burlingame City","WA","75093","Doretta Mckay","312-755-7145","d.mckay@contemporaryfinancialcorporation.com","Corporate Paralegal"
"Contemporary Investments Enterprises","12 Kotick Loop","Suite 4751","Lake Almanor Country Club CDP","KY","09190","Donnell Tu","556-397-6485","d.tu@contemporaryinvestmentsenterprises.com","Hvac Apprentice"
"Contemporary Solar Enterprises","3741 Walnut Grove Hwy","Apt 6838","Morton Borough","SC","96828","Deedee Harbison","829-101-0758","d.harbison@contemporarysolarenterprises.com","Contract Administrator"
"Contemporary Steel Inc","6554 Ebony Street North West","Apt 1398","Fort Loramie Village","IN","98217","Pansy Yetter","964-107-6845","p.yetter@contemporarysteelinc.com","Public Safety Officer"
"Contemporary Technology Partners","5458 Rudyard Circle","Ste 6544","Eagle Point City","NM","40792","Deneen Landaverde","230-244-2245","d.landaverde@contemporarytechnologypartners.com","Export Specialist"
"Eastern Microsystems Unlimited","2792 South River Way","Apt 2846","Higgston Town","WV","48506","Teena Warriner","285-179-5663","t.warriner@easternmicrosystemsunlimited.com","Special Events Coordinator"
"Eastern Power LLC","459 Broadwell Road","","Hoquiam City","SD","22776","Fairy Marchetti","551-074-7527","f.marchetti@easternpowerllc.com","Advertising Sales Executive"
"Eastern Superconductor Incorporated","3764 Gravel Drive","Apartment 1375","Chetek City","AZ","62105","Olin Silvestre","215-861-6850","o.silvestre@easternsuperconductorincorporated.com","Web Project Manager"
"Future Superconductor Unlimited","9985 Scuppernong Path","Apt 2621","Eagle Village","IL","33684","Berna Bruning","615-425-4617","b.bruning@futuresuperconductorunlimited.com","Osp Engineer"
"Haverghast Construction Partners","7712 Princess Diana Trail","Apt E","Campion CDP","NJ","94434","Suzi Shipman","890-357-6774","s.shipman@haverghastconstructionpartners.com","Director Of Nursing"
"Haverghast Maritime Incorporated","9989 Ginger Highway","Apt 6901","Allison City","FL","20223","Terra Roe","217-904-2619","t.roe@haverghastmaritimeincorporated.com","Production Designer"
"Haverghast Micro Circuits Limited","997 Deer Path Farms Ave.","Apartment 883","Williamson CDP","AL","56512","Bong Greear","508-368-5147","b.greear@haverghastmicrocircuitslimited.com","Calibration Technician"
"Innovative Air Transport International","9080 Chordon Path","Suite 5132","Hermosa Town","AR","18946","Danita Derry","130-183-8066","d.derry@innovativeairtransportinternational.com","Engagement Manager"
"Innovative Group Ltd","1319 Carnation Boulevard","Apartment J","Franklintown Borough","MI","07696","Tessie Kerry","361-936-1043","t.kerry@innovativegroupltd.com","Lighting Technician"
"Inventive Industries LLC","1448 Whit Way","","Dry Creek CDP","VT","07085","Foster Kenna","249-701-3211","f.kenna@inventiveindustriesllc.com","Human Resources Officer"
"Northern Industries LLC","9400 Jackson Stone Lane","","New Sharon City","NY","80319","Millicent Wilbanks","164-257-2131","m.wilbanks@northernindustriesllc.com","Blood Bank Technologist"
"Oslo Industries Corporation","7966 Village Glen Trail","Apt 219","Kimball Town","PA","92352","Anjali Buckmaster","464-060-6636","a.buckmaster@osloindustriescorporation.com","Flight Nurse"
"Oslo Nuclear Corporation","5966 Little Farm Blvd","","Sorrento Town","OK","55741","Abigail Carley","424-246-9296","a.carley@oslonuclearcorporation.com","Quality Analyst"
"Pacific Radio Incorporated","9436 Pelican Lane","Suite 598","West Elmira CDP","PA","23381","Fanny Laguna","270-192-2865","f.laguna@pacificradioincorporated.com","Research Nurse"
"Pacific Systems Inc","6131 Irene Ave.","Ste 6969","Waymart Borough","AR","15230","Jann Goodner","423-308-4064","j.goodner@pacificsystemsinc.com","Fundraising Director"
"Pacific Therapeutics International","8939 Wagon Trail Street","","McAlisterville CDP","TN","51268","Kody Knorr","884-419-4081","k.knorr@pacifictherapeuticsinternational.com","Guidance Counselor"
"Pacific Wireless Incorporated","8974 Peach Blossom Loop","Apt 4547","Godfrey Road CDP","NV","63277","Mignon Sander","815-281-0356","m.sander@pacificwirelessincorporated.com","Residence Manager"
"Progressive Graphics Inc","3969 Libroca Circle","","Mirrormont CDP","NY","81121","Rahul Everly","717-039-0102","r.everly@progressivegraphicsinc.com","Packaging Manager"
"South-East Labs Partners","5849 Coyote Boulevard","","Highlands-Baywood Park CDP","MO","52728","Basilia Connors","891-057-6327","b.connors@south-eastlabspartners.com","General Contractor"
"South-East Nanotechnologies Enterprises","9772 Scott's Creek Ave.","Apartment 1676","Roselle Park Borough","VA","87573","Hermila Adler","833-686-0676","h.adler@south-eastnanotechnologiesenterprises.com","Outside Sales Manager"
"South-East Travel Corporation","4420 Conifer Trail","Ste 7092","Pine Level Town","HI","82166","Oneal Mcwhorter","729-830-2711","o.mcwhorter@south-easttravelcorporation.com","Avionics Engineer"
"South-Eastern Air Company","7542 Carroll Byrd Court","Suite 5449","Vansant CDP","HI","73634","Beth List","239-236-9461","b.list@south-easternaircompany.com","Meeting Planner"
"South-Eastern Bioscience Inc","4155 Lilly Ln.","Apt B","Rutland Village","OH","24524","Ivelisse Posey","252-974-2018","i.posey@south-easternbioscienceinc.com","Accounting Supervisor"
"South-Eastern Bioscience Unlimited","8654 Breyer Ranch Way","Suite 2489","Heidelberg Town","CO","29530","Alla Rauch","573-587-7764","a.rauch@south-easternbioscienceunlimited.com","Collection Supervisor"
"South-Eastern Biotech Limited","9070 Colonial Hills Ct.","Suite 6965","Springtown City","KY","97296","Ramonita Lux","693-854-5297","r.lux@south-easternbiotechlimited.com","Art Therapist"
"South-Eastern Claims Corporation","7249 Ruby Clara Street","Apartment 5149","Reserve Village","NH","68755","Cornell Krug","549-575-1634","c.krug@south-easternclaimscorporation.com","Associate Scientist"
"South-Eastern Communications Enterprises","7746 Autry Street","Office 781","Garner City","CT","32925","Vinita Brase","382-739-6407","v.brase@south-easterncommunicationsenterprises.com","Purchaser"
"Southern Fiber Optics Corp","6234 Elmhurst Lane","Ste 9881","Cisne Village","TX","29610","Margaret Hoxie","992-165-5655","m.hoxie@southernfiberopticscorp.com","It Developer"
"Southern Fiber Optics Corporation","7403 Kevan Avenue South East","Apartment 2685","Woodside Town","OK","87660","Deandre Duerr","962-984-4486","d.duerr@southernfiberopticscorporation.com","Print Designer"
"Southern Industries Corp","2978 Hiram Place","Suite B","Coralville City","KY","29619","Ilona Frakes","558-222-3418","i.frakes@southernindustriescorp.com","Materials Scientist"
"Southern Travel Unlimited","5224 Chic Ennis Rd.","Office 1746","Irving Village","PA","64166","Janiah Near","554-403-2611","j.near@southerntravelunlimited.com","Periodontist"
"Transformative Graphics Incorporated","1783 Walt Johnson Road","Ste 1796","Nectar Town","SC","35883","Darrin Lemay","455-332-3808","d.lemay@transformativegraphicsincorporated.com","Installation Manager"
"Transformative Holdings Corporation","254 Overview Hwy E","Suite 1414","Moorefield Town","CO","74560","Autumn Moodie","382-730-0698","a.moodie@transformativeholdingscorporation.com","Underwriting Manager"
"Western Design LLC","8822 Hollies Pines Blvd","Ste 8451","Table Rock CDP","TX","11673","Sonja Tremblay","200-154-4292","s.tremblay@westerndesignllc.com","Accounting Manager"
"Western Genetics Corp","9411 Walton Ave.","Apt P","Willisville Town","IA","70540","Armandina Pero","422-152-5073","a.pero@westerngeneticscorp.com","Certified Medical Assistant"
